{"cameraMode":{"drawMode":0,"name":"Shaded","section":"Shading Mode"},"sceneLighting":true,"audioPlay":false,"sceneViewState":{"m_AlwaysRefresh":false,"showFog":true,"showSkybox":true,"showFlares":true,"showImageEffects":true,"showParticleSystems":true,"showVisualEffectGraphs":true,"m_FxEnabled":true},"in2DMode":false,"pivot":{"x":1095.851806640625,"y":295.93829345703127,"z":59.415679931640628},"rotation":{"x":-0.21521052718162538,"y":0.050356507301330569,"z":-0.011116236448287964,"w":-0.9752122759819031},"size":216.81887817382813,"orthographic":false}