{"cameraMode":{"drawMode":0,"name":"Shaded","section":"Shading Mode"},"sceneLighting":true,"audioPlay":false,"sceneViewState":{"m_AlwaysRefresh":false,"showFog":true,"showSkybox":true,"showFlares":true,"showImageEffects":true,"showParticleSystems":true,"showVisualEffectGraphs":true,"m_FxEnabled":true},"in2DMode":false,"pivot":{"x":4.238155364990234,"y":0.3906360864639282,"z":37.89999771118164},"rotation":{"x":-0.27221840620040896,"y":0.06286704540252686,"z":-0.017830651253461839,"w":-0.9600294232368469},"size":0.8660253882408142,"orthographic":false}